strategy_name,total_return,annual_return,annual_volatility,max_drawdown,sharpe_ratio,sortino_ratio,skewness,kurtosis
QQQ_BuyHold,0.07137092781008936,0.24242973121872513,0.18405566745802096,-0.11723572714706265,1.317154394466109,2.237527316712536,0.10931169944907589,0.10207924162108073
SPY_BuyHold,0.040607628566450504,0.133526591949505,0.14158147112364058,-0.08884972579331007,0.9431078155198613,1.4669900638376925,0.24460956363001252,1.1725878634870153
