strategy_name,total_return,annual_return,annual_volatility,max_drawdown,sharpe_ratio,sortino_ratio,skewness,kurtosis
QQQ_BuyHold,0.08078457336303857,0.26927717172538257,0.18343539747550894,-0.11723572714706254,1.4679673358100618,2.485318217669565,0.0874864923478144,0.10340737985478743
SPY_BuyHold,0.04679631295297071,0.1507038152674196,0.141024820283677,-0.08884972579331019,1.0686332729534627,1.6557076485808837,0.22439015544117932,1.178871378439521
